"Grade Distribution by Institution, Course School, Department, Course, and Class Number for 4248"
"Institution Code","Inst Description","Term Code","Term Description","Session Code","Session Description","Academic Group Code","Academic Group Description","Academic Organization Code","Academic Organization Description","Department Code","Course Subject","Catalog Number","Class #","Course Description","Course Topic","Instructor Name","GPA Grades","Total Grades","Percent Majors","Avg Class Grade","Avg Student GPA","Percent A Grades","Percent B Grades","Percent C Grades","Percent D Grades","All Other Grades #","A+","A","A-","B+","B","B-","C+","C","C-","D+","D","D-","F","P","S","I","R","NY","NR","NC","W","WX","Other","Data Freeze Date"
"IUBLA","Bloomington","4248","Fall 2024","13W","Thirteen Week","INFO","Luddy Info, Computing, & Engr","BL-CSCI","Computer Science","CSCI","CSCI-A","110","1449","INTRO TO COMPUTERS & COMPUTING","N/A","Pope,Charles E","58","71","1.6"," 3.548"," 3.016","72.4","17.2","6.9","1.7","14","22","16","4","4","2","4","2","1","1","0","0","1","1","0","0","1","0","0","0","0","4","8","0","01-24-2025"
"IUBLA","Bloomington","4248","Fall 2024","13W","Thirteen Week","INFO","Luddy Info, Computing, & Engr","BL-CSCI","Computer Science","CSCI","CSCI-A","110","4444","INTRO TO COMPUTERS & COMPUTING","N/A","Pope,Charles E","68","84","0"," 3.426"," 3.276","69.1","17.6","5.9","1.5","20","29","14","4","5","5","2","2","2","0","0","0","1","4","0","0","0","0","0","0","0","5","11","0","01-24-2025"
"IUBLA","Bloomington","4248","Fall 2024","1","Regular Academic Session","INFO","Luddy Info, Computing, & Engr","BL-CSCI","Computer Science","CSCI","CSCI-A","201","1450","INTRODUCTION TO PROGRAMMING I","N/A","Tao,Chenghua","33","51","2.4"," 3.476"," 3.318","57.6","33.3","9.1","0.0","18","7","9","3","4","5","2","0","3","0","0","0","0","0","0","0","0","0","0","0","0","9","9","0","01-24-2025"
"IUBLA","Bloomington","4248","Fall 2024","1","Regular Academic Session","INFO","Luddy Info, Computing, & Engr","BL-CSCI","Computer Science","CSCI","CSCI-A","216","10755","DIGITL MULTIMEDIA CONCPTS/TECH","N/A","Whitmer,Jeff","NR","NR","NR","NR","NR","NR","NR","NR","NR","NR","NOT AVAILABLE - SMALL CLASS SIZE","NR","NR","NR","NR","NR","NR","NR","NR","NR","NR","NR","NR","NR","NR","NR","NR","NR","NR","NR","NR","NR","NR","01-24-2025"
"IUBLA","Bloomington","4248","Fall 2024","1","Regular Academic Session","INFO","Luddy Info, Computing, & Engr","BL-CSCI","Computer Science","CSCI","CSCI-A","290","15054","TOOLS FOR COMPUTING","N/A","Malec,Marcin Stanislaw","10","16","13.3"," 4.000"," 3.359","100.0","0.0","0.0","0.0","6","10","0","0","0","0","0","0","0","0","0","0","0","0","0","0","0","0","0","0","0","5","1","0","01-24-2025"
"IUBLA","Bloomington","4248","Fall 2024","1","Regular Academic Session","INFO","Luddy Info, Computing, & Engr","BL-CSCI","Computer Science","CSCI","CSCI-A","290","15055","TOOLS FOR COMPUTING","N/A","Malec,Marcin Stanislaw","9","10","20"," 3.667"," 3.508","88.9","0.0","0.0","11.1","1","8","0","0","0","0","0","0","0","0","0","1","0","0","0","0","0","0","0","0","0","1","0","0","01-24-2025"
"IUBLA","Bloomington","4248","Fall 2024","1","Regular Academic Session","INFO","Luddy Info, Computing, & Engr","BL-CSCI","Computer Science","CSCI","CSCI-A","290","15056","TOOLS FOR COMPUTING","N/A","Malec,Marcin Stanislaw","8","15","53.8"," 3.838"," 2.854","87.5","12.5","0.0","0.0","7","7","0","0","0","0","1","0","0","0","0","0","0","0","0","0","0","0","0","0","0","5","2","0","01-24-2025"
"IUBLA","Bloomington","4248","Fall 2024","8W1","Eight Week - First","INFO","Luddy Info, Computing, & Engr","BL-CSCI","Computer Science","CSCI","CSCI-A","290","4050","TOOLS FOR COMPUTING","CGI/PHP","German,Dan-Adrian","18","23","100"," 3.817"," 3.290","88.9","5.6","5.6","0.0","5","0","14","2","1","0","0","0","1","0","0","0","0","0","0","0","0","0","0","0","0","3","2","0","01-24-2025"
"IUBLA","Bloomington","4248","Fall 2024","8W2","Eight Week - Second","INFO","Luddy Info, Computing, & Engr","BL-CSCI","Computer Science","CSCI","CSCI-A","290","4051","TOOLS FOR COMPUTING","JAVASCRIPT","German,Dan-Adrian","26","33","86.7"," 3.604"," 3.265","76.9","15.4","3.8","0.0","8","1","18","1","1","1","2","1","0","0","0","0","0","1","0","0","0","0","0","0","0","4","3","0","01-24-2025"
"IUBLA","Bloomington","4248","Fall 2024","8W1","Eight Week - First","INFO","Luddy Info, Computing, & Engr","BL-CSCI","Computer Science","CSCI","CSCI-A","290","4440","TOOLS FOR COMPUTING","C AND UNIX BASICS","Whitmer,Jeff","10","12","100"," 3.070"," 3.125","40.0","40.0","10.0","10.0","2","1","3","0","0","2","2","1","0","0","0","1","0","0","0","0","0","0","0","0","0","0","2","0","01-24-2025"
"IUBLA","Bloomington","4248","Fall 2024","8W2","Eight Week - Second","INFO","Luddy Info, Computing, & Engr","BL-CSCI","Computer Science","CSCI","CSCI-A","290","4443","TOOLS FOR COMPUTING","WINDOWS PROG WITH C# AND .NET","Whitmer,Jeff","7","18","88.9"," 2.014"," 2.721","28.6","14.3","28.6","0.0","13","0","1","1","0","0","1","0","1","1","0","0","0","2","0","0","0","0","0","0","0","2","9","0","01-24-2025"
"IUBLA","Bloomington","4248","Fall 2024","1","Regular Academic Session","INFO","Luddy Info, Computing, & Engr","BL-CSCI","Computer Science","CSCI","CSCI-A","310","11266","PROBLEM SOLVING USING DATA","N/A","German,Dan-Adrian","47","57","0"," 3.511"," 3.587","80.9","8.5","4.3","0.0","13","1","27","10","2","0","2","1","0","1","0","0","0","3","0","0","1","0","0","0","0","2","7","0","01-24-2025"
"IUBLA","Bloomington","4248","Fall 2024","1","Regular Academic Session","INFO","Luddy Info, Computing, & Engr","BL-CSCI","Computer Science","CSCI","CSCI-A","338","3257","NETWORK TECH & SYSTEMS ADMIN","N/A","Whitmer,Jeff","6","11","25"," 2.900"," 3.017","16.7","66.7","16.7","0.0","5","0","0","1","1","1","2","0","1","0","0","0","0","0","0","0","0","0","0","0","0","2","3","0","01-24-2025"
"IUBLA","Bloomington","4248","Fall 2024","1","Regular Academic Session","INFO","Luddy Info, Computing, & Engr","BL-CSCI","Computer Science","CSCI","CSCI-A","541","9005","COMPUTING&TECHNOLOGY BOOTCAMP","N/A","Holland,Andrew Allen","20","20","0"," 3.770"," 3.767","80.0","20.0","0.0","0.0","0","0","10","6","4","0","0","0","0","0","0","0","0","0","0","0","0","0","0","0","0","0","0","0","01-24-2025"
"IUBLA","Bloomington","4248","Fall 2024","1","Regular Academic Session","INFO","Luddy Info, Computing, & Engr","BL-CSCI","Computer Science","CSCI","CSCI-A","581","38032","INTRO COMPUTERS & PROGRAMMING","N/A","Hmeljak,Mitja","NR","NR","NR","NR","NR","NR","NR","NR","NR","NR","NOT AVAILABLE - SMALL CLASS SIZE","NR","NR","NR","NR","NR","NR","NR","NR","NR","NR","NR","NR","NR","NR","NR","NR","NR","NR","NR","NR","NR","NR","01-24-2025"
"IUBLA","Bloomington","4248","Fall 2024","1","Regular Academic Session","INFO","Luddy Info, Computing, & Engr","BL-CSCI","Computer Science","CSCI","CSCI-A","581","38033","INTRO COMPUTERS & PROGRAMMING","N/A","Dalkilic,Mehmet M.","NR","NR","NR","NR","NR","NR","NR","NR","NR","NR","NOT AVAILABLE - SMALL CLASS SIZE","NR","NR","NR","NR","NR","NR","NR","NR","NR","NR","NR","NR","NR","NR","NR","NR","NR","NR","NR","NR","NR","NR","01-24-2025"
"IUBLA","Bloomington","4248","Fall 2024","8W1","Eight Week - First","INFO","Luddy Info, Computing, & Engr","BL-CSCI","Computer Science","CSCI","CSCI-A","590","4441","TOPICS IN PROGRAMMING","C AND UNIX BASICS","Whitmer,Jeff","NR","NR","NR","NR","NR","NR","NR","NR","NR","NR","NOT AVAILABLE - SMALL CLASS SIZE","NR","NR","NR","NR","NR","NR","NR","NR","NR","NR","NR","NR","NR","NR","NR","NR","NR","NR","NR","NR","NR","NR","01-24-2025"
"IUBLA","Bloomington","4248","Fall 2024","1","Regular Academic Session","INFO","Luddy Info, Computing, & Engr","BL-CSCI","Computer Science","CSCI","CSCI-A","594","1454","DATA STRUCTURES","N/A","Sabry,Amr A.","NR","NR","NR","NR","NR","NR","NR","NR","NR","NR","NOT AVAILABLE - SMALL CLASS SIZE","NR","NR","NR","NR","NR","NR","NR","NR","NR","NR","NR","NR","NR","NR","NR","NR","NR","NR","NR","NR","NR","NR","01-24-2025"
"IUBLA","Bloomington","4248","Fall 2024","1","Regular Academic Session","INFO","Luddy Info, Computing, & Engr","BL-CSCI","Computer Science","CSCI","CSCI-A","595","10350","FUNDAMENTALS OF COMPUTG THEORY","N/A","Leivant,Daniel Maurice","NR","NR","NR","NR","NR","NR","NR","NR","NR","NR","NOT AVAILABLE - SMALL CLASS SIZE","NR","NR","NR","NR","NR","NR","NR","NR","NR","NR","NR","NR","NR","NR","NR","NR","NR","NR","NR","NR","NR","NR","01-24-2025"
"IUBLA","Bloomington","4248","Fall 2024","1","Regular Academic Session","INFO","Luddy Info, Computing, & Engr","BL-CSCI","Computer Science","CSCI","CSCI-A","597","1458","INTRODUCTION TO PROGRAMMING I","N/A","Tao,Chenghua","NR","NR","NR","NR","NR","NR","NR","NR","NR","NR","NOT AVAILABLE - SMALL CLASS SIZE","NR","NR","NR","NR","NR","NR","NR","NR","NR","NR","NR","NR","NR","NR","NR","NR","NR","NR","NR","NR","NR","NR","01-24-2025"
"IUBLA","Bloomington","4248","Fall 2024","1","Regular Academic Session","INFO","Luddy Info, Computing, & Engr","BL-CSCI","Computer Science","CSCI","CSCI-B","351","1461","INTRO ARTIFICIAL INTELLIGENCE","N/A","Wang,Yijie","85","102","71.6"," 3.440"," 3.213","62.4","27.1","8.2","1.2","18","14","19","20","9","9","5","3","4","0","1","0","0","1","0","0","0","0","0","0","0","10","7","0","01-24-2025"
"IUBLA","Bloomington","4248","Fall 2024","1","Regular Academic Session","INFO","Luddy Info, Computing, & Engr","BL-CSCI","Computer Science","CSCI","CSCI-B","363","7578","BIOINFORMATICS ALGORITHMS","N/A","Tao,Chenghua","32","41","77.1"," 3.356"," 3.202","43.8","40.6","15.6","0.0","9","10","4","0","5","6","2","5","0","0","0","0","0","0","0","0","0","0","0","0","0","3","6","0","01-24-2025"
"IUBLA","Bloomington","4248","Fall 2024","1","Regular Academic Session","INFO","Luddy Info, Computing, & Engr","BL-CSCI","Computer Science","CSCI","CSCI-B","365","7580","DATA ANALYSIS AND MINING","N/A","Ye,Yuzhen","93","110","65"," 3.385"," 3.384","58.1","35.5","2.2","0.0","21","12","28","14","11","12","10","0","1","1","0","0","0","4","0","0","1","0","0","0","0","6","10","0","01-24-2025"
"IUBLA","Bloomington","4248","Fall 2024","1","Regular Academic Session","INFO","Luddy Info, Computing, & Engr","BL-CSCI","Computer Science","CSCI","CSCI-B","392","8835","COMPETITIVE PROGRAMMING","N/A","Raphael,Christopher S.","NR","NR","NR","NR","NR","NR","NR","NR","NR","NR","NOT AVAILABLE - SMALL CLASS SIZE","NR","NR","NR","NR","NR","NR","NR","NR","NR","NR","NR","NR","NR","NR","NR","NR","NR","NR","NR","NR","NR","NR","01-24-2025"
"IUBLA","Bloomington","4248","Fall 2024","1","Regular Academic Session","INFO","Luddy Info, Computing, & Engr","BL-CSCI","Computer Science","CSCI","CSCI-B","401","5658","FUNDAMENTALS OF COMPUTG THEORY","N/A","Leivant,Daniel Maurice","29","35","81.3"," 2.607"," 3.043","31.0","27.6","27.6","6.9","8","3","4","2","3","1","4","1","2","5","0","1","1","2","0","0","0","0","0","0","0","3","3","0","01-24-2025"
"IUBLA","Bloomington","4248","Fall 2024","1","Regular Academic Session","INFO","Luddy Info, Computing, & Engr","BL-CSCI","Computer Science","CSCI","CSCI-B","403","5927","INTRO ALGORITHM DES & ANALYS","N/A","Heidari Khoozani,Mohsen","42","44","85.7"," 3.350"," 3.438","47.6","40.5","11.9","0.0","2","3","12","5","5","7","5","4","1","0","0","0","0","0","0","0","0","0","0","0","0","0","2","0","01-24-2025"
"IUBLA","Bloomington","4248","Fall 2024","1","Regular Academic Session","INFO","Luddy Info, Computing, & Engr","BL-CSCI","Computer Science","CSCI","CSCI-B","405","35549","APPLIED ALGORITHMS","N/A","Qaaidi,Sakher","46","53","91.7"," 3.343"," 3.476","45.7","47.8","4.3","2.2","7","7","8","6","7","10","5","0","2","0","0","1","0","0","0","0","1","0","0","0","0","1","5","0","01-24-2025"
"IUBLA","Bloomington","4248","Fall 2024","1","Regular Academic Session","INFO","Luddy Info, Computing, & Engr","BL-CSCI","Computer Science","CSCI","CSCI-B","430","8439","SECURITY FOR NETWORKED SYSTEMS","N/A","Zhang,Hang","11","12","63.6"," 3.791"," 3.498","81.8","18.2","0.0","0.0","1","3","5","1","0","2","0","0","0","0","0","0","0","0","0","0","0","0","0","0","0","0","1","0","01-24-2025"
"IUBLA","Bloomington","4248","Fall 2024","1","Regular Academic Session","INFO","Luddy Info, Computing, & Engr","BL-CSCI","Computer Science","CSCI","CSCI-B","455","30692","PRINCIPLES OF MACHINE LEARNING","N/A","Tang,Wei","36","43","79.5"," 3.506"," 3.418","58.3","38.9","2.8","0.0","7","7","3","11","9","1","4","0","1","0","0","0","0","0","0","0","1","0","0","0","0","2","4","0","01-24-2025"
"IUBLA","Bloomington","4248","Fall 2024","1","Regular Academic Session","INFO","Luddy Info, Computing, & Engr","BL-CSCI","Computer Science","CSCI","CSCI-B","461","1462","DATABASE CONCEPTS","N/A","Yan,Da","123","133","89.2"," 3.229"," 3.364","33.3","63.4","1.6","0.0","12","2","7","32","23","48","7","1","0","1","0","0","0","2","0","0","0","0","0","0","0","7","3","0","01-24-2025"
"IUBLA","Bloomington","4248","Fall 2024","1","Regular Academic Session","INFO","Luddy Info, Computing, & Engr","BL-CSCI","Computer Science","CSCI","CSCI-B","481","11268","INTERACTIVE GRAPHICS","N/A","Hmeljak,Mitja","11","13","76.9"," 3.218"," 3.182","63.6","18.2","9.1","0.0","3","4","2","1","0","2","0","0","0","1","0","0","0","1","0","0","0","0","0","0","0","2","0","0","01-24-2025"
"IUBLA","Bloomington","4248","Fall 2024","1","Regular Academic Session","INFO","Luddy Info, Computing, & Engr","BL-CSCI","Computer Science","CSCI","CSCI-B","490","35728","SEMINAR IN COMPUTER SCIENCE","SOFTWARE ENG FOR INFOR SYS I","Seiffert,Kurt A","6","6","83.3"," 4.000"," 3.657","100.0","0.0","0.0","0.0","0","6","0","0","0","0","0","0","0","0","0","0","0","0","0","0","0","0","0","0","0","0","0","0","01-24-2025"
"IUBLA","Bloomington","4248","Fall 2024","1","Regular Academic Session","INFO","Luddy Info, Computing, & Engr","BL-CSCI","Computer Science","CSCI","CSCI-B","490","35729","SEMINAR IN COMPUTER SCIENCE","SOFTWARE ENG FOR INFOR SYS I","Seiffert,Kurt A","NR","NR","NR","NR","NR","NR","NR","NR","NR","NR","NOT AVAILABLE - SMALL CLASS SIZE","NR","NR","NR","NR","NR","NR","NR","NR","NR","NR","NR","NR","NR","NR","NR","NR","NR","NR","NR","NR","NR","NR","01-24-2025"
"IUBLA","Bloomington","4248","Fall 2024","1","Regular Academic Session","INFO","Luddy Info, Computing, & Engr","BL-CSCI","Computer Science","CSCI","CSCI-B","490","35730","SEMINAR IN COMPUTER SCIENCE","SOFTWARE ENG FOR INFOR SYS II","Bahramian,Hamidreza","NR","NR","NR","NR","NR","NR","NR","NR","NR","NR","NOT AVAILABLE - SMALL CLASS SIZE","NR","NR","NR","NR","NR","NR","NR","NR","NR","NR","NR","NR","NR","NR","NR","NR","NR","NR","NR","NR","NR","NR","01-24-2025"
"IUBLA","Bloomington","4248","Fall 2024","1","Regular Academic Session","INFO","Luddy Info, Computing, & Engr","BL-CSCI","Computer Science","CSCI","CSCI-B","501","5954","THEORY OF COMPUTING","N/A","Leivant,Daniel Maurice","13","19","85.7"," 3.031"," 3.655","38.5","30.8","30.8","0.0","6","1","2","2","2","1","1","1","1","2","0","0","0","0","0","0","1","0","0","0","0","0","5","0","01-24-2025"
"IUBLA","Bloomington","4248","Fall 2024","1","Regular Academic Session","INFO","Luddy Info, Computing, & Engr","BL-CSCI","Computer Science","CSCI","CSCI-B","502","36822","COMPUTATIONAL COMPLEXITY","N/A","LaRacuente,Nicholas","10","11","100"," 3.680"," 3.880","80.0","20.0","0.0","0.0","1","0","2","6","2","0","0","0","0","0","0","0","0","0","0","0","0","0","0","0","0","1","0","0","01-24-2025"
"IUBLA","Bloomington","4248","Fall 2024","1","Regular Academic Session","INFO","Luddy Info, Computing, & Engr","BL-CSCI","Computer Science","CSCI","CSCI-B","503","10767","ALGORITHMS DESIGN AND ANALYSIS","N/A","Zhang,Qin","16","31","76.5"," 3.163"," 3.426","43.8","31.3","18.8","6.3","15","2","2","3","3","2","0","2","1","0","0","1","0","0","0","0","0","0","0","0","0","1","14","0","01-24-2025"
"IUBLA","Bloomington","4248","Fall 2024","1","Regular Academic Session","INFO","Luddy Info, Computing, & Engr","BL-CSCI","Computer Science","CSCI","CSCI-B","505","11565","APPLIED ALGORITHMS","N/A","Kulekci,Oguzhan","98","110","84.7"," 3.233"," 3.553","34.7","55.1","10.2","0.0","12","3","12","19","22","18","14","7","3","0","0","0","0","0","0","0","0","0","0","0","0","0","12","0","01-24-2025"
"IUBLA","Bloomington","4248","Fall 2024","1","Regular Academic Session","INFO","Luddy Info, Computing, & Engr","BL-CSCI","Computer Science","CSCI","CSCI-B","505","8129","APPLIED ALGORITHMS","N/A","Kulekci,Oguzhan","62","77","74.6"," 3.384"," 3.440","46.8","41.9","11.3","0.0","15","4","12","13","17","6","3","5","2","0","0","0","0","0","0","0","0","0","0","0","0","1","14","0","01-24-2025"
"IUBLA","Bloomington","4248","Fall 2024","1","Regular Academic Session","INFO","Luddy Info, Computing, & Engr","BL-CSCI","Computer Science","CSCI","CSCI-B","505","8364","APPLIED ALGORITHMS","N/A","Ergun,Funda","37","45","43.9"," 3.197"," 3.468","48.6","35.1","10.8","5.4","8","2","3","13","5","4","4","4","0","0","0","1","1","0","0","0","0","0","0","0","1","3","4","0","01-24-2025"
"IUBLA","Bloomington","4248","Fall 2024","1","Regular Academic Session","INFO","Luddy Info, Computing, & Engr","BL-CSCI","Computer Science","CSCI","CSCI-B","521","1463","PROGRAMMING LANGUAGE PRINC","N/A","Friedman,Daniel P","10","18","80"," 3.900"," 3.806","90.0","10.0","0.0","0.0","8","5","4","0","0","1","0","0","0","0","0","0","0","0","0","0","0","0","0","0","0","0","8","0","01-24-2025"
"IUBLA","Bloomington","4248","Fall 2024","1","Regular Academic Session","INFO","Luddy Info, Computing, & Engr","BL-CSCI","Computer Science","CSCI","CSCI-B","544","10096","SECURITY FOR NETWORKED SYSTEMS","N/A","Kim,Hyungsub","7","34","100"," 3.486"," 3.718","57.1","42.9","0.0","0.0","27","0","1","3","2","0","1","0","0","0","0","0","0","0","0","0","0","0","0","0","0","0","27","0","01-24-2025"
"IUBLA","Bloomington","4248","Fall 2024","1","Regular Academic Session","INFO","Luddy Info, Computing, & Engr","BL-CSCI","Computer Science","CSCI","CSCI-B","544","8365","SECURITY FOR NETWORKED SYSTEMS","N/A","Huang,Yan","86","104","100"," 3.943"," 3.752","97.7","1.2","0.0","1.2","18","36","43","5","1","0","0","0","0","0","1","0","0","0","0","0","0","0","0","0","0","0","18","0","01-24-2025"
"IUBLA","Bloomington","4248","Fall 2024","1","Regular Academic Session","INFO","Luddy Info, Computing, & Engr","BL-CSCI","Computer Science","CSCI","CSCI-B","551","7277","ELEM ARTIFICIAL INTELLIGENCE","N/A","Leake,David B.","45","60","62.5"," 3.553"," 3.606","53.3","46.7","0.0","0.0","15","5","11","8","12","8","1","0","0","0","0","0","0","0","0","0","0","0","0","0","0","3","12","0","01-24-2025"
"IUBLA","Bloomington","4248","Fall 2024","1","Regular Academic Session","INFO","Luddy Info, Computing, & Engr","BL-CSCI","Computer Science","CSCI","CSCI-B","551","8363","ELEM ARTIFICIAL INTELLIGENCE","N/A","Blanco Rodriguez,Saul Antonio","33","48","20"," 3.418"," 3.568","54.5","36.4","9.1","0.0","15","5","2","11","8","1","3","2","1","0","0","0","0","0","0","0","1","0","0","0","0","6","8","0","01-24-2025"
"IUBLA","Bloomington","4248","Fall 2024","1","Regular Academic Session","INFO","Luddy Info, Computing, & Engr","BL-CSCI","Computer Science","CSCI","CSCI-B","555","6844","MACHINE LEARNING","N/A","Khardon,Roni","24","55","69"," 3.083"," 3.581","33.3","50.0","12.5","0.0","32","1","5","2","6","5","1","0","0","3","0","0","0","1","0","0","1","0","0","0","2","2","26","0","01-24-2025"
"IUBLA","Bloomington","4248","Fall 2024","1","Regular Academic Session","INFO","Luddy Info, Computing, & Engr","BL-CSCI","Computer Science","CSCI","CSCI-B","557","35869","MUSIC INFO PROCESSING: AUDIO","N/A","Raphael,Christopher S.","NR","NR","NR","NR","NR","NR","NR","NR","NR","NR","NOT AVAILABLE - SMALL CLASS SIZE","NR","NR","NR","NR","NR","NR","NR","NR","NR","NR","NR","NR","NR","NR","NR","NR","NR","NR","NR","NR","NR","NR","01-24-2025"
"IUBLA","Bloomington","4248","Fall 2024","1","Regular Academic Session","INFO","Luddy Info, Computing, & Engr","BL-CSCI","Computer Science","CSCI","CSCI-B","561","11692","ADVANCED DATABASE CONCEPTS","N/A","Wang,Chenghong","79","97","40"," 3.559"," 3.533","67.1","27.8","5.1","0.0","18","12","25","16","5","12","5","1","2","1","0","0","0","0","0","0","0","0","0","0","0","1","17","0","01-24-2025"
"IUBLA","Bloomington","4248","Fall 2024","1","Regular Academic Session","INFO","Luddy Info, Computing, & Engr","BL-CSCI","Computer Science","CSCI","CSCI-B","565","7100","DATA MINING","N/A","Zhou,Dongruo","83","110","27.1"," 3.584"," 3.466","65.1","33.7","1.2","0.0","27","3","25","26","13","12","3","1","0","0","0","0","0","0","0","0","0","0","0","0","0","2","25","0","01-24-2025"
"IUBLA","Bloomington","4248","Fall 2024","1","Regular Academic Session","INFO","Luddy Info, Computing, & Engr","BL-CSCI","Computer Science","CSCI","CSCI-B","581","11270","ADVANCED COMPUTER GRAPHICS","N/A","Hmeljak,Mitja","7","9","85.7"," 3.629"," 3.529","71.4","28.6","0.0","0.0","2","3","2","0","0","0","2","0","0","0","0","0","0","0","0","0","0","0","0","0","0","0","2","0","01-24-2025"
"IUBLA","Bloomington","4248","Fall 2024","1","Regular Academic Session","INFO","Luddy Info, Computing, & Engr","BL-CSCI","Computer Science","CSCI","CSCI-B","590","12568","TOPICS IN COMPUTER SCIENCE","DIGITAL DESIGN WITH FPGAS","Himebaugh,Bryce D","NR","NR","NR","NR","NR","NR","NR","NR","NR","NR","NOT AVAILABLE - SMALL CLASS SIZE","NR","NR","NR","NR","NR","NR","NR","NR","NR","NR","NR","NR","NR","NR","NR","NR","NR","NR","NR","NR","NR","NR","01-24-2025"
"IUBLA","Bloomington","4248","Fall 2024","1","Regular Academic Session","INFO","Luddy Info, Computing, & Engr","BL-CSCI","Computer Science","CSCI","CSCI-B","590","14466","TOPICS IN COMPUTER SCIENCE","COMPETITIVE PROGRAMMING","Raphael,Christopher S.","NR","NR","NR","NR","NR","NR","NR","NR","NR","NR","NOT AVAILABLE - SMALL CLASS SIZE","NR","NR","NR","NR","NR","NR","NR","NR","NR","NR","NR","NR","NR","NR","NR","NR","NR","NR","NR","NR","NR","NR","01-24-2025"
"IUBLA","Bloomington","4248","Fall 2024","1","Regular Academic Session","INFO","Luddy Info, Computing, & Engr","BL-CSCI","Computer Science","CSCI","CSCI-B","590","35965","TOPICS IN COMPUTER SCIENCE","N/A","Seiffert,Kurt A","NR","NR","NR","NR","NR","NR","NR","NR","NR","NR","NOT AVAILABLE - SMALL CLASS SIZE","NR","NR","NR","NR","NR","NR","NR","NR","NR","NR","NR","NR","NR","NR","NR","NR","NR","NR","NR","NR","NR","NR","01-24-2025"
"IUBLA","Bloomington","4248","Fall 2024","1","Regular Academic Session","INFO","Luddy Info, Computing, & Engr","BL-CSCI","Computer Science","CSCI","CSCI-B","609","36572","TPCS ALGORITHMS & COMP THEORY","ALGORITHMS FOR BIG DATA","Zhang,Qin","NR","NR","NR","NR","NR","NR","NR","NR","NR","NR","NOT AVAILABLE - SMALL CLASS SIZE","NR","NR","NR","NR","NR","NR","NR","NR","NR","NR","NR","NR","NR","NR","NR","NR","NR","NR","NR","NR","NR","NR","01-24-2025"
"IUBLA","Bloomington","4248","Fall 2024","1","Regular Academic Session","INFO","Luddy Info, Computing, & Engr","BL-CSCI","Computer Science","CSCI","CSCI-B","629","12581","TPCS IN PROGRAMMING LANGUAGES","ADVANCED FUNCTIONAL PROGRAMING","Sabry,Amr A.","NR","NR","NR","NR","NR","NR","NR","NR","NR","NR","NOT AVAILABLE - SMALL CLASS SIZE","NR","NR","NR","NR","NR","NR","NR","NR","NR","NR","NR","NR","NR","NR","NR","NR","NR","NR","NR","NR","NR","NR","01-24-2025"
"IUBLA","Bloomington","4248","Fall 2024","1","Regular Academic Session","INFO","Luddy Info, Computing, & Engr","BL-CSCI","Computer Science","CSCI","CSCI-B","649","10768","TOPICS IN SYSTEMS","ORG INFO & ECONOMICS SECURITY","Camp,L Jean","18","29","100"," 3.644"," 3.713","77.8","5.6","16.7","0.0","11","4","10","0","0","0","1","3","0","0","0","0","0","0","0","0","0","0","0","0","0","0","11","0","01-24-2025"
"IUBLA","Bloomington","4248","Fall 2024","1","Regular Academic Session","INFO","Luddy Info, Computing, & Engr","BL-CSCI","Computer Science","CSCI","CSCI-B","649","36821","TOPICS IN SYSTEMS","N/A","Liao,Xiaojing","7","10","87.5"," 4.000"," 3.841","100.0","0.0","0.0","0.0","3","6","1","0","0","0","0","0","0","0","0","0","0","0","0","0","0","0","0","0","0","1","2","0","01-24-2025"
"IUBLA","Bloomington","4248","Fall 2024","1","Regular Academic Session","INFO","Luddy Info, Computing, & Engr","BL-CSCI","Computer Science","CSCI","CSCI-B","649","9227","TOPICS IN SYSTEMS","CYBER DEFENSE COMPETITIONS","Xing,Luyi","24","29","75"," 4.000"," 3.752","100.0","0.0","0.0","0.0","5","23","1","0","0","0","0","0","0","0","0","0","0","0","0","0","0","0","0","0","0","0","5","0","01-24-2025"
"IUBLA","Bloomington","4248","Fall 2024","1","Regular Academic Session","INFO","Luddy Info, Computing, & Engr","BL-CSCI","Computer Science","CSCI","CSCI-B","651","36948","NATURAL LANGUAGE PROCESSING","N/A","Le,Thai","10","11","54.5"," 3.740"," 3.804","80.0","20.0","0.0","0.0","1","3","4","1","0","1","1","0","0","0","0","0","0","0","0","0","0","0","0","0","1","0","0","0","01-24-2025"
"IUBLA","Bloomington","4248","Fall 2024","1","Regular Academic Session","INFO","Luddy Info, Computing, & Engr","BL-CSCI","Computer Science","CSCI","CSCI-B","659","11272","TOPICS ARTIFICIAL INTELLIGENCE","HATE SPEECH DETECTION","Kuebler,Sandra Claudia","NR","NR","NR","NR","NR","NR","NR","NR","NR","NR","NOT AVAILABLE - SMALL CLASS SIZE","NR","NR","NR","NR","NR","NR","NR","NR","NR","NR","NR","NR","NR","NR","NR","NR","NR","NR","NR","NR","NR","NR","01-24-2025"
"IUBLA","Bloomington","4248","Fall 2024","1","Regular Academic Session","INFO","Luddy Info, Computing, & Engr","BL-CSCI","Computer Science","CSCI","CSCI-B","659","14023","TOPICS ARTIFICIAL INTELLIGENCE","APPLYING ML TECH TO NLP","Cavar,Damir","24","34","45.8"," 3.788"," 3.781","75.0","25.0","0.0","0.0","10","7","9","2","5","1","0","0","0","0","0","0","0","0","0","0","0","0","0","0","0","0","10","0","01-24-2025"
"IUBLA","Bloomington","4248","Fall 2024","1","Regular Academic Session","INFO","Luddy Info, Computing, & Engr","BL-CSCI","Computer Science","CSCI","CSCI-B","659","6671","TOPICS ARTIFICIAL INTELLIGENCE","ADV NATURAL LANGUAGE PROCCSNG","Cavar,Damir","11","21","27.3"," 3.818"," 3.757","90.9","0.0","9.1","0.0","10","0","10","0","0","0","0","0","1","0","0","0","0","0","0","0","0","0","0","0","0","0","10","0","01-24-2025"
"IUBLA","Bloomington","4248","Fall 2024","1","Regular Academic Session","INFO","Luddy Info, Computing, & Engr","BL-CSCI","Computer Science","CSCI","CSCI-B","659","9422","TOPICS ARTIFICIAL INTELLIGENCE","COMPUTATN & LINGUISTIC ANALYS","Shi,Shuju","NR","NR","NR","NR","NR","NR","NR","NR","NR","NR","NOT AVAILABLE - SMALL CLASS SIZE","NR","NR","NR","NR","NR","NR","NR","NR","NR","NR","NR","NR","NR","NR","NR","NR","NR","NR","NR","NR","NR","NR","01-24-2025"
"IUBLA","Bloomington","4248","Fall 2024","13W","Thirteen Week","INFO","Luddy Info, Computing, & Engr","BL-CSCI","Computer Science","CSCI","CSCI-C","102","8536","GREAT IDEAS IN COMPUTING","N/A","Pope,Charles E","30","39","8.6"," 3.523"," 3.372","70.0","16.7","10.0","3.3","9","6","12","3","3","2","0","0","2","1","0","1","0","0","0","0","1","0","0","0","0","4","4","0","01-24-2025"
"IUBLA","Bloomington","4248","Fall 2024","1","Regular Academic Session","INFO","Luddy Info, Computing, & Engr","BL-CSCI","Computer Science","CSCI","CSCI-C","200","11917","INTRO COMPUTERS & PROGRAMMING","N/A","Hmeljak,Mitja","106","145","36.4"," 3.156"," 3.180","57.5","19.8","13.2","0.9","48","26","26","9","3","11","7","9","4","1","0","1","0","9","0","0","2","0","0","0","0","24","13","0","01-24-2025"
"IUBLA","Bloomington","4248","Fall 2024","1","Regular Academic Session","INFO","Luddy Info, Computing, & Engr","BL-CSCI","Computer Science","CSCI","CSCI-C","200","7842","INTRO COMPUTERS & PROGRAMMING","N/A","Dalkilic,Mehmet M.","167","212","32.1"," 3.228"," 3.283","56.9","26.9","9.0","1.8","54","46","32","17","4","21","20","5","8","2","1","1","1","9","0","0","0","0","0","0","0","26","19","0","01-24-2025"
"IUBLA","Bloomington","4248","Fall 2024","1","Regular Academic Session","INFO","Luddy Info, Computing, & Engr","BL-CSCI","Computer Science","CSCI","CSCI-C","200","9410","INTRO COMPUTERS & PROGRAMMING","N/A","Hmeljak,Mitja","101","150","39"," 3.127"," 3.143","59.4","15.8","14.9","2.0","57","25","23","12","2","8","6","3","10","2","1","1","0","8","0","0","0","0","0","0","0","35","14","0","01-24-2025"
"IUBLA","Bloomington","4248","Fall 2024","1","Regular Academic Session","INFO","Luddy Info, Computing, & Engr","BL-CSCI","Computer Science","CSCI","CSCI-C","211","34879","INTRO TO COMPUTER SCIENCE","N/A","Tobin-Hochstadt,Sam","30","44","51.3"," 2.827"," 3.092","36.7","26.7","26.7","6.7","15","3","4","4","2","1","5","5","1","2","0","2","0","1","0","0","1","0","0","0","0","8","5","0","01-24-2025"
"IUBLA","Bloomington","4248","Fall 2024","1","Regular Academic Session","INFO","Luddy Info, Computing, & Engr","BL-CSCI","Computer Science","CSCI","CSCI-C","211","5463","INTRO TO COMPUTER SCIENCE","N/A","Shan,Chung-chieh","72","108","51.8"," 2.947"," 3.040","44.4","29.2","13.9","4.2","42","10","11","11","11","4","6","3","4","3","0","3","0","6","0","0","0","0","0","0","0","13","23","0","01-24-2025"
"IUBLA","Bloomington","4248","Fall 2024","1","Regular Academic Session","INFO","Luddy Info, Computing, & Engr","BL-CSCI","Computer Science","CSCI","CSCI-C","212","5957","INTRO TO SOFTWARE SYSTEMS","N/A","Crotts,Joshua","115","148","56.6"," 2.524"," 3.113","40.9","20.0","11.3","6.1","58","15","28","4","7","11","5","4","9","0","1","4","2","25","0","0","4","0","0","0","0","17","12","0","01-24-2025"
"IUBLA","Bloomington","4248","Fall 2024","1","Regular Academic Session","INFO","Luddy Info, Computing, & Engr","BL-CSCI","Computer Science","CSCI","CSCI-C","231","9113","INTRO: MATH OF CYBERSECURITY","N/A","Bahramian,Hamidreza","52","69","50"," 3.333"," 3.378","51.9","28.8","19.2","0.0","17","15","4","8","6","5","4","7","3","0","0","0","0","0","0","0","0","0","0","0","0","10","7","0","01-24-2025"
"IUBLA","Bloomington","4248","Fall 2024","1","Regular Academic Session","INFO","Luddy Info, Computing, & Engr","BL-CSCI","Computer Science","CSCI","CSCI-C","241","14083","DISCRETE STRUCTURES FOR CSCI","N/A","Wennstrom,Erik Michael","70","93","55.4"," 1.873"," 2.983","22.9","18.6","15.7","18.6","40","4","6","6","1","3","9","1","5","5","2","4","7","17","0","0","1","0","0","0","0","12","10","0","01-24-2025"
"IUBLA","Bloomington","4248","Fall 2024","1","Regular Academic Session","INFO","Luddy Info, Computing, & Engr","BL-CSCI","Computer Science","CSCI","CSCI-C","241","1465","DISCRETE STRUCTURES FOR CSCI","N/A","Wennstrom,Erik Michael","89","99","47.9"," 2.419"," 3.381","25.8","25.8","31.5","4.5","21","2","5","16","7","9","7","7","10","11","1","3","0","11","0","0","0","0","0","0","0","7","3","0","01-24-2025"
"IUBLA","Bloomington","4248","Fall 2024","1","Regular Academic Session","INFO","Luddy Info, Computing, & Engr","BL-CSCI","Computer Science","CSCI","CSCI-C","241","6509","DISCRETE STRUCTURES FOR CSCI","N/A","Wennstrom,Erik Michael","84","98","53.9"," 2.136"," 3.189","21.4","21.4","28.6","10.7","29","3","6","9","5","7","6","9","8","7","2","1","6","15","0","0","0","0","0","0","0","5","9","0","01-24-2025"
"IUBLA","Bloomington","4248","Fall 2024","1","Regular Academic Session","INFO","Luddy Info, Computing, & Engr","BL-CSCI","Computer Science","CSCI","CSCI-C","291","10766","SYSTEM PROG WITH C AND UNIX","N/A","Siddiqui,Muazzam Ahmed","31","42","66.7"," 2.948"," 3.222","35.5","41.9","9.7","9.7","12","6","4","1","1","7","5","1","2","0","2","1","0","1","0","0","0","0","0","0","0","5","6","0","01-24-2025"
"IUBLA","Bloomington","4248","Fall 2024","1","Regular Academic Session","INFO","Luddy Info, Computing, & Engr","BL-CSCI","Computer Science","CSCI","CSCI-C","291","14085","SYSTEM PROG WITH C AND UNIX","N/A","Holland,Andrew Allen","14","17","43.8"," 3.143"," 3.515","42.9","35.7","14.3","7.1","3","0","5","1","1","2","2","1","1","0","1","0","0","0","0","0","0","0","0","0","0","2","1","0","01-24-2025"
"IUBLA","Bloomington","4248","Fall 2024","1","Regular Academic Session","INFO","Luddy Info, Computing, & Engr","BL-CSCI","Computer Science","CSCI","CSCI-C","291","30662","SYSTEM PROG WITH C AND UNIX","N/A","Chen,Tianyu","32","34","71.9"," 3.131"," 3.331","56.3","18.8","18.8","0.0","4","2","9","7","2","0","4","4","1","1","0","0","0","2","0","0","0","0","0","0","0","0","2","0","01-24-2025"
"IUBLA","Bloomington","4248","Fall 2024","1","Regular Academic Session","INFO","Luddy Info, Computing, & Engr","BL-CSCI","Computer Science","CSCI","CSCI-C","291","6998","SYSTEM PROG WITH C AND UNIX","N/A","Siddiqui,Muazzam Ahmed","36","44","40.5"," 3.114"," 3.292","44.4","36.1","11.1","5.6","9","3","5","8","3","8","2","3","1","0","1","1","0","1","0","0","0","0","0","0","0","1","7","0","01-24-2025"
"IUBLA","Bloomington","4248","Fall 2024","1","Regular Academic Session","INFO","Luddy Info, Computing, & Engr","BL-CSCI","Computer Science","CSCI","CSCI-C","291","9688","SYSTEM PROG WITH C AND UNIX","N/A","Sadik,Olgun","37","40","70"," 3.208"," 3.333","51.4","27.0","16.2","2.7","4","5","8","6","2","7","1","4","2","0","0","1","0","1","0","0","0","0","0","0","0","3","0","0","01-24-2025"
"IUBLA","Bloomington","4248","Fall 2024","13W","Thirteen Week","INFO","Luddy Info, Computing, & Engr","BL-CSCI","Computer Science","CSCI","CSCI-C","292","9660","INTRO TO GAME PROGRAMMING","N/A","Maidi,Chabane","68","75","94.4"," 3.159"," 3.143","63.2","16.2","8.8","2.9","13","1","38","4","1","5","5","1","0","5","0","0","2","6","0","0","0","0","0","0","0","3","4","0","01-24-2025"
"IUBLA","Bloomington","4248","Fall 2024","1","Regular Academic Session","INFO","Luddy Info, Computing, & Engr","BL-CSCI","Computer Science","CSCI","CSCI-C","295","9884","LEADERSHIP AND LEARNING","N/A","Roberts,Michele Suzanne","NR","NR","NR","NR","NR","NR","NR","NR","NR","NR","NOT AVAILABLE - SMALL CLASS SIZE","NR","NR","NR","NR","NR","NR","NR","NR","NR","NR","NR","NR","NR","NR","NR","NR","NR","NR","NR","NR","NR","NR","01-24-2025"
"IUBLA","Bloomington","4248","Fall 2024","1","Regular Academic Session","INFO","Luddy Info, Computing, & Engr","BL-CSCI","Computer Science","CSCI","CSCI-C","311","1467","PROGRAMMING LANGUAGES","N/A","Friedman,Daniel P","22","33","86.7"," 2.491"," 3.293","50.0","9.1","13.6","0.0","17","4","2","5","0","2","0","1","2","0","0","0","0","6","0","0","0","0","0","0","0","8","3","0","01-24-2025"
"IUBLA","Bloomington","4248","Fall 2024","1","Regular Academic Session","INFO","Luddy Info, Computing, & Engr","BL-CSCI","Computer Science","CSCI","CSCI-C","322","9647","OBJECT-ORIENTED SOFTWARE MTHDS","N/A","German,Dan-Adrian","65","69","87.9"," 3.398"," 3.371","72.3","15.4","6.2","0.0","8","2","29","16","4","1","5","1","2","1","0","0","0","4","0","0","0","0","0","0","0","1","3","0","01-24-2025"
"IUBLA","Bloomington","4248","Fall 2024","1","Regular Academic Session","INFO","Luddy Info, Computing, & Engr","BL-CSCI","Computer Science","CSCI","CSCI-C","323","35084","MOBILE APP DEVELOPMENT","N/A","Bahramian,Hamidreza","20","30","88.5"," 3.060"," 3.015","40.0","30.0","25.0","0.0","11","3","3","2","3","3","0","3","2","0","0","0","0","1","0","0","1","0","0","0","0","5","4","0","01-24-2025"
"IUBLA","Bloomington","4248","Fall 2024","1","Regular Academic Session","INFO","Luddy Info, Computing, & Engr","BL-CSCI","Computer Science","CSCI","CSCI-C","323","8834","MOBILE APP DEVELOPMENT","N/A","Qaaidi,Sakher","33","37","91.2"," 3.342"," 3.332","54.5","24.2","21.2","0.0","4","8","6","4","4","3","1","2","5","0","0","0","0","0","0","0","0","0","0","0","0","1","3","0","01-24-2025"
"IUBLA","Bloomington","4248","Fall 2024","1","Regular Academic Session","INFO","Luddy Info, Computing, & Engr","BL-CSCI","Computer Science","CSCI","CSCI-C","335","7380","COMPUTER STRUCTURES","N/A","Musser,Jeremy Robert","45","47","82.6"," 3.262"," 3.275","46.7","40.0","11.1","0.0","3","7","7","7","6","7","5","2","3","0","0","0","0","1","0","0","0","0","0","0","0","1","1","0","01-24-2025"
"IUBLA","Bloomington","4248","Fall 2024","1","Regular Academic Session","INFO","Luddy Info, Computing, & Engr","BL-CSCI","Computer Science","CSCI","CSCI-C","343","1470","DATA STRUCTURES","N/A","Sabry,Amr A.","128","143","79.9"," 2.920"," 3.353","46.1","21.9","21.1","4.7","23","35","10","14","9","8","11","9","9","9","0","1","5","8","0","0","1","0","0","0","0","10","4","0","01-24-2025"
"IUBLA","Bloomington","4248","Fall 2024","1","Regular Academic Session","INFO","Luddy Info, Computing, & Engr","BL-CSCI","Computer Science","CSCI","CSCI-C","460","10092","SENIOR PROJECT I","N/A","Emigh,William Gareth","10","10","100"," 3.340"," 3.419","50.0","40.0","10.0","0.0","0","0","4","1","1","1","2","0","1","0","0","0","0","0","0","0","0","0","0","0","0","0","0","0","01-24-2025"
"IUBLA","Bloomington","4248","Fall 2024","1","Regular Academic Session","INFO","Luddy Info, Computing, & Engr","BL-CSCI","Computer Science","CSCI","CSCI-G","901","1473","ADVANCED RESEARCH","N/A","Xing,Luyi","NR","NR","NR","NR","NR","NR","NR","NR","NR","NR","NOT AVAILABLE - SMALL CLASS SIZE","NR","NR","NR","NR","NR","NR","NR","NR","NR","NR","NR","NR","NR","NR","NR","NR","NR","NR","NR","NR","NR","NR","01-24-2025"
"IUBLA","Bloomington","4248","Fall 2024","1","Regular Academic Session","INFO","Luddy Info, Computing, & Engr","BL-CSCI","Computer Science","CSCI","CSCI-H","200","9631","INTRO CMPTRS & PRGRMNG, HONORS","N/A","Dalkilic,Mehmet M.","16","21","55.6"," 4.000"," 3.597","100.0","0.0","0.0","0.0","5","0","16","0","0","0","0","0","0","0","0","0","0","0","0","0","0","0","0","0","0","2","3","0","01-24-2025"
"IUBLA","Bloomington","4248","Fall 2024","1","Regular Academic Session","INFO","Luddy Info, Computing, & Engr","BL-CSCI","Computer Science","CSCI","CSCI-H","211","1474","INTRO TO CMPTR SCIENCE-HONORS","N/A","Angiuli,Carlo","NR","NR","NR","NR","NR","NR","NR","NR","NR","NR","NOT AVAILABLE - SMALL CLASS SIZE","NR","NR","NR","NR","NR","NR","NR","NR","NR","NR","NR","NR","NR","NR","NR","NR","NR","NR","NR","NR","NR","NR","01-24-2025"
"IUBLA","Bloomington","4248","Fall 2024","1","Regular Academic Session","INFO","Luddy Info, Computing, & Engr","BL-CSCI","Computer Science","CSCI","CSCI-H","311","5961","PROGRAMMING LANGUAGES HONORS","N/A","Friedman,Daniel P","NR","NR","NR","NR","NR","NR","NR","NR","NR","NR","NOT AVAILABLE - SMALL CLASS SIZE","NR","NR","NR","NR","NR","NR","NR","NR","NR","NR","NR","NR","NR","NR","NR","NR","NR","NR","NR","NR","NR","NR","01-24-2025"
"IUBLA","Bloomington","4248","Fall 2024","1","Regular Academic Session","INFO","Luddy Info, Computing, & Engr","BL-CSCI","Computer Science","CSCI","CSCI-H","343","7280","DATA STRUCTURES, HONORS","N/A","Siek,Jeremy","21","21","95.2"," 3.229"," 3.849","52.4","28.6","14.3","4.8","0","0","6","5","1","5","0","1","1","1","0","1","0","0","0","0","0","0","0","0","0","0","0","0","01-24-2025"
"IUBLA","Bloomington","4248","Fall 2024","1","Regular Academic Session","INFO","Luddy Info, Computing, & Engr","BL-CSCI","Computer Science","CSCI","CSCI-P","423","7909","COMPILERS","N/A","Siek,Jeremy","8","12","90.9"," 3.625"," 3.615","62.5","37.5","0.0","0.0","4","0","4","1","2","0","1","0","0","0","0","0","0","0","0","0","0","0","0","0","0","3","1","0","01-24-2025"
"IUBLA","Bloomington","4248","Fall 2024","1","Regular Academic Session","INFO","Luddy Info, Computing, & Engr","BL-CSCI","Computer Science","CSCI","CSCI-P","424","12579","ADVANCED FUNCTIONL PROGRAMMNG","N/A","Sabry,Amr A.","NR","NR","NR","NR","NR","NR","NR","NR","NR","NR","NOT AVAILABLE - SMALL CLASS SIZE","NR","NR","NR","NR","NR","NR","NR","NR","NR","NR","NR","NR","NR","NR","NR","NR","NR","NR","NR","NR","NR","NR","01-24-2025"
"IUBLA","Bloomington","4248","Fall 2024","1","Regular Academic Session","INFO","Luddy Info, Computing, & Engr","BL-CSCI","Computer Science","CSCI","CSCI-P","438","4575","INTRO TO COMPUTER NETWORKS","N/A","Musser,Jeremy Robert","37","40","97.4"," 3.476"," 3.517","51.4","43.2","5.4","0.0","3","8","8","3","5","10","1","1","1","0","0","0","0","0","0","0","1","0","0","0","0","0","2","0","01-24-2025"
"IUBLA","Bloomington","4248","Fall 2024","1","Regular Academic Session","INFO","Luddy Info, Computing, & Engr","BL-CSCI","Computer Science","CSCI","CSCI-P","465","12618","SOFTWARE ENG FOR INFO SYS I","N/A","Seiffert,Kurt A","11","11","81.8"," 4.000"," 3.400","100.0","0.0","0.0","0.0","0","10","1","0","0","0","0","0","0","0","0","0","0","0","0","0","0","0","0","0","0","0","0","0","01-24-2025"
"IUBLA","Bloomington","4248","Fall 2024","1","Regular Academic Session","INFO","Luddy Info, Computing, & Engr","BL-CSCI","Computer Science","CSCI","CSCI-P","465","8128","SOFTWARE ENG FOR INFO SYS I","N/A","Seiffert,Kurt A","61","64","91.8"," 4.000"," 3.318","100.0","0.0","0.0","0.0","3","57","4","0","0","0","0","0","0","0","0","0","0","0","0","0","0","0","0","0","0","0","3","0","01-24-2025"
"IUBLA","Bloomington","4248","Fall 2024","1","Regular Academic Session","INFO","Luddy Info, Computing, & Engr","BL-CSCI","Computer Science","CSCI","CSCI-P","466","30694","SOFTWARE ENG FOR INFO SYS II","N/A","Bahramian,Hamidreza","NR","NR","NR","NR","NR","NR","NR","NR","NR","NR","NOT AVAILABLE - SMALL CLASS SIZE","NR","NR","NR","NR","NR","NR","NR","NR","NR","NR","NR","NR","NR","NR","NR","NR","NR","NR","NR","NR","NR","NR","01-24-2025"
"IUBLA","Bloomington","4248","Fall 2024","1","Regular Academic Session","INFO","Luddy Info, Computing, & Engr","BL-CSCI","Computer Science","CSCI","CSCI-P","523","7910","PROGRAMMING LANGUAGE IMPLEMENT","N/A","Siek,Jeremy","NR","NR","NR","NR","NR","NR","NR","NR","NR","NR","NOT AVAILABLE - SMALL CLASS SIZE","NR","NR","NR","NR","NR","NR","NR","NR","NR","NR","NR","NR","NR","NR","NR","NR","NR","NR","NR","NR","NR","NR","01-24-2025"
"IUBLA","Bloomington","4248","Fall 2024","13W","Thirteen Week","INFO","Luddy Info, Computing, & Engr","BL-CSCI","Computer Science","CSCI","CSCI-P","535","35736","PERVASIVE COMPUTING","N/A","Shih,Patrick C","11","17","100"," 3.945"," 3.687","100.0","0.0","0.0","0.0","6","0","9","2","0","0","0","0","0","0","0","0","0","0","0","0","0","0","0","0","0","0","6","0","01-24-2025"
"IUBLA","Bloomington","4248","Fall 2024","1","Regular Academic Session","INFO","Luddy Info, Computing, & Engr","BL-CSCI","Computer Science","CSCI","CSCI-P","538","12830","COMPUTER NETWORKS","N/A","Musser,Jeremy Robert","120","128","96.7"," 3.941"," 3.725","96.7","2.5","0.8","0.0","8","70","41","5","1","0","2","0","0","1","0","0","0","0","0","0","0","0","0","0","0","0","8","0","01-24-2025"
"IUBLA","Bloomington","4248","Fall 2024","1","Regular Academic Session","INFO","Luddy Info, Computing, & Engr","BL-CSCI","Computer Science","CSCI","CSCI-P","538","9265","COMPUTER NETWORKS","N/A","Musser,Jeremy Robert","88","102","98.9"," 3.975"," 3.701","98.9","1.1","0.0","0.0","14","70","13","4","0","1","0","0","0","0","0","0","0","0","0","0","0","0","0","0","0","0","14","0","01-24-2025"
"IUBLA","Bloomington","4248","Fall 2024","1","Regular Academic Session","INFO","Luddy Info, Computing, & Engr","BL-CSCI","Computer Science","CSCI","CSCI-P","556","11061","APPLIED MACHINE LEARNING","N/A","Bai,Yongsheng","8","12","66.7"," 3.675"," 3.616","75.0","25.0","0.0","0.0","4","0","3","3","1","1","0","0","0","0","0","0","0","0","0","0","0","0","0","0","0","1","3","0","01-24-2025"
"IUBLA","Bloomington","4248","Fall 2024","1","Regular Academic Session","INFO","Luddy Info, Computing, & Engr","BL-CSCI","Computer Science","CSCI","CSCI-P","556","12806","APPLIED MACHINE LEARNING","N/A","Zhang,Xuhong","33","41","45.5"," 3.627"," 3.642","81.8","15.2","0.0","0.0","9","4","9","14","3","2","0","0","0","0","0","0","0","1","0","0","0","0","0","0","0","0","8","0","01-24-2025"
"IUBLA","Bloomington","4248","Fall 2024","1","Regular Academic Session","INFO","Luddy Info, Computing, & Engr","BL-CSCI","Computer Science","CSCI","CSCI-P","556","14380","APPLIED MACHINE LEARNING","N/A","Bai,Yongsheng","22","25","0"," 3.714"," 3.768","72.7","27.3","0.0","0.0","3","8","6","2","1","5","0","0","0","0","0","0","0","0","0","0","0","0","0","0","0","0","3","0","01-24-2025"
"IUBLA","Bloomington","4248","Fall 2024","1","Regular Academic Session","INFO","Luddy Info, Computing, & Engr","BL-CSCI","Computer Science","CSCI","CSCI-P","556","8144","APPLIED MACHINE LEARNING","N/A","Tiganj,Zoran","247","258","38"," 3.511"," 3.510","57.1","40.1","2.8","0.0","11","30","43","68","48","39","12","6","1","0","0","0","0","0","0","0","2","0","0","0","0","1","8","0","01-24-2025"
"IUBLA","Bloomington","4248","Fall 2024","1","Regular Academic Session","INFO","Luddy Info, Computing, & Engr","BL-CSCI","Computer Science","CSCI","CSCI-P","565","12619","SOFTWARE ENGINEERING I","N/A","Seiffert,Kurt A","40","40","100"," 4.000"," 3.576","100.0","0.0","0.0","0.0","0","40","0","0","0","0","0","0","0","0","0","0","0","0","0","0","0","0","0","0","0","0","0","0","01-24-2025"
"IUBLA","Bloomington","4248","Fall 2024","1","Regular Academic Session","INFO","Luddy Info, Computing, & Engr","BL-CSCI","Computer Science","CSCI","CSCI-P","565","8135","SOFTWARE ENGINEERING I","N/A","Seiffert,Kurt A","34","44","100"," 4.000"," 3.653","100.0","0.0","0.0","0.0","10","34","0","0","0","0","0","0","0","0","0","0","0","0","0","0","0","0","0","0","0","0","10","0","01-24-2025"
"IUBLA","Bloomington","4248","Fall 2024","1","Regular Academic Session","INFO","Luddy Info, Computing, & Engr","BL-CSCI","Computer Science","CSCI","CSCI-T","500","37866","COMPUTER SCIENCE FOUNDATIONS","N/A","Roberts,Michele Suzanne","NR","NR","NR","NR","NR","NR","NR","NR","NR","NR","NOT AVAILABLE - SMALL CLASS SIZE","NR","NR","NR","NR","NR","NR","NR","NR","NR","NR","NR","NR","NR","NR","NR","NR","NR","NR","NR","NR","NR","NR","01-24-2025"
"IUBLA","Bloomington","4248","Fall 2024","1","Regular Academic Session","INFO","Luddy Info, Computing, & Engr","BL-CSCI","Computer Science","CSCI","CSCI-T","510","37872","INTRO TO COMP AND PROG","N/A","Roberts,Michele Suzanne","NR","NR","NR","NR","NR","NR","NR","NR","NR","NR","NOT AVAILABLE - SMALL CLASS SIZE","NR","NR","NR","NR","NR","NR","NR","NR","NR","NR","NR","NR","NR","NR","NR","NR","NR","NR","NR","NR","NR","NR","01-24-2025"
"IUBLA","Bloomington","4248","Fall 2024","1","Regular Academic Session","INFO","Luddy Info, Computing, & Engr","BL-CSCI","Computer Science","CSCI","CSCI-Y","390","1476","UNDERGRADUATE INDPT STUDY","N/A","Macklin,Paul","35","38","89.5"," 3.894"," 3.456","88.6","11.4","0.0","0.0","3","16","15","0","1","3","0","0","0","0","0","0","0","0","0","0","0","0","0","0","0","3","0","0","01-24-2025"
"IUBLA","Bloomington","4248","Fall 2024","1","Regular Academic Session","INFO","Luddy Info, Computing, & Engr","BL-CSCI","Computer Science","CSCI","CSCI-Y","390","15077","UNDERGRADUATE INDPT STUDY","N/A","Tobin-Hochstadt,Sam","NR","NR","NR","NR","NR","NR","NR","NR","NR","NR","NOT AVAILABLE - SMALL CLASS SIZE","NR","NR","NR","NR","NR","NR","NR","NR","NR","NR","NR","NR","NR","NR","NR","NR","NR","NR","NR","NR","NR","NR","01-24-2025"
"IUBLA","Bloomington","4248","Fall 2024","1","Regular Academic Session","INFO","Luddy Info, Computing, & Engr","BL-CSCI","Computer Science","CSCI","CSCI-Y","390","6849","UNDERGRADUATE INDPT STUDY","N/A","Thacker,Una","NR","NR","NR","NR","NR","NR","NR","NR","NR","NR","NOT AVAILABLE - SMALL CLASS SIZE","NR","NR","NR","NR","NR","NR","NR","NR","NR","NR","NR","NR","NR","NR","NR","NR","NR","NR","NR","NR","NR","NR","01-24-2025"
"IUBLA","Bloomington","4248","Fall 2024","8W1","Eight Week - First","INFO","Luddy Info, Computing, & Engr","BL-CSCI","Computer Science","CSCI","CSCI-Y","395","8018","CAREER DEVELPT FOR CSCI MAJORS","N/A","Gregoire,David","80","80","87.5"," 3.534"," 3.476","76.3","12.5","7.5","0.0","3","26","22","13","3","2","5","4","2","0","0","0","0","3","0","0","0","0","0","0","0","0","0","0","01-24-2025"
"IUBLA","Bloomington","4248","Fall 2024","8W2","Eight Week - Second","INFO","Luddy Info, Computing, & Engr","BL-CSCI","Computer Science","CSCI","CSCI-Y","395","8108","CAREER DEVELPT FOR CSCI MAJORS","N/A","Gregoire,David","51","56","92.6"," 2.855"," 3.159","39.2","27.5","21.6","2.0","10","6","8","6","5","6","3","5","6","0","1","0","0","5","0","0","0","0","0","0","0","3","2","0","01-24-2025"
"IUBLA","Bloomington","4248","Fall 2024","1","Regular Academic Session","INFO","Luddy Info, Computing, & Engr","BL-CSCI","Computer Science","CSCI","CSCI-Y","399","1478","PROJ IN PROFESSIONAL PRACTICE","N/A","Pope,Charles E","NR","NR","NR","NR","NR","NR","NR","NR","NR","NR","NOT AVAILABLE - SMALL CLASS SIZE","NR","NR","NR","NR","NR","NR","NR","NR","NR","NR","NR","NR","NR","NR","NR","NR","NR","NR","NR","NR","NR","NR","01-24-2025"
"IUBLA","Bloomington","4248","Fall 2024","1","Regular Academic Session","INFO","Luddy Info, Computing, & Engr","BL-CSCI","Computer Science","CSCI","CSCI-Y","399","5963","PROJ IN PROFESSIONAL PRACTICE","N/A","Pope,Charles E","NR","NR","NR","NR","NR","NR","NR","NR","NR","NR","NOT AVAILABLE - SMALL CLASS SIZE","NR","NR","NR","NR","NR","NR","NR","NR","NR","NR","NR","NR","NR","NR","NR","NR","NR","NR","NR","NR","NR","NR","01-24-2025"
"IUBLA","Bloomington","4248","Fall 2024","1","Regular Academic Session","INFO","Luddy Info, Computing, & Engr","BL-CSCI","Computer Science","CSCI","CSCI-Y","790","12857","GRADUATE INDEPENDENT STUDY","N/A","Zhang,Xuhong","NR","NR","NR","NR","NR","NR","NR","NR","NR","NR","NOT AVAILABLE - SMALL CLASS SIZE","NR","NR","NR","NR","NR","NR","NR","NR","NR","NR","NR","NR","NR","NR","NR","NR","NR","NR","NR","NR","NR","NR","01-24-2025"
"IUBLA","Bloomington","4248","Fall 2024","1","Regular Academic Session","INFO","Luddy Info, Computing, & Engr","BL-CSCI","Computer Science","CSCI","CSCI-Y","790","12959","GRADUATE INDEPENDENT STUDY","N/A","Blanco Rodriguez,Saul Antonio","NR","NR","NR","NR","NR","NR","NR","NR","NR","NR","NOT AVAILABLE - SMALL CLASS SIZE","NR","NR","NR","NR","NR","NR","NR","NR","NR","NR","NR","NR","NR","NR","NR","NR","NR","NR","NR","NR","NR","NR","01-24-2025"
"IUBLA","Bloomington","4248","Fall 2024","1","Regular Academic Session","INFO","Luddy Info, Computing, & Engr","BL-CSCI","Computer Science","CSCI","CSCI-Y","790","1480","GRADUATE INDEPENDENT STUDY","N/A","Sabry,Amr A.","11","11","100"," 3.945"," 3.755","100.0","0.0","0.0","0.0","0","1","8","2","0","0","0","0","0","0","0","0","0","0","0","0","0","0","0","0","0","0","0","0","01-24-2025"
"IUBLA","Bloomington","4248","Fall 2024","1","Regular Academic Session","INFO","Luddy Info, Computing, & Engr","BL-CSCI","Computer Science","CSCI","CSCI-Y","790","36310","GRADUATE INDEPENDENT STUDY","N/A","Angiuli,Carlo","NR","NR","NR","NR","NR","NR","NR","NR","NR","NR","NOT AVAILABLE - SMALL CLASS SIZE","NR","NR","NR","NR","NR","NR","NR","NR","NR","NR","NR","NR","NR","NR","NR","NR","NR","NR","NR","NR","NR","NR","01-24-2025"
"IUBLA","Bloomington","4248","Fall 2024","1","Regular Academic Session","INFO","Luddy Info, Computing, & Engr","BL-CSCI","Computer Science","CSCI","CSCI-Y","790","37384","GRADUATE INDEPENDENT STUDY","N/A","Zhang,Hang","NR","NR","NR","NR","NR","NR","NR","NR","NR","NR","NOT AVAILABLE - SMALL CLASS SIZE","NR","NR","NR","NR","NR","NR","NR","NR","NR","NR","NR","NR","NR","NR","NR","NR","NR","NR","NR","NR","NR","NR","01-24-2025"
"IUBLA","Bloomington","4248","Fall 2024","1","Regular Academic Session","INFO","Luddy Info, Computing, & Engr","BL-CSCI","Computer Science","CSCI","CSCI-Y","790","37439","GRADUATE INDEPENDENT STUDY","N/A","Kim,Hyungsub","NR","NR","NR","NR","NR","NR","NR","NR","NR","NR","NOT AVAILABLE - SMALL CLASS SIZE","NR","NR","NR","NR","NR","NR","NR","NR","NR","NR","NR","NR","NR","NR","NR","NR","NR","NR","NR","NR","NR","NR","01-24-2025"
"IUBLA","Bloomington","4248","Fall 2024","1","Regular Academic Session","INFO","Luddy Info, Computing, & Engr","BL-CSCI","Computer Science","CSCI","CSCI-Y","790","37440","GRADUATE INDEPENDENT STUDY","N/A","LaRacuente,Nicholas","NR","NR","NR","NR","NR","NR","NR","NR","NR","NR","NOT AVAILABLE - SMALL CLASS SIZE","NR","NR","NR","NR","NR","NR","NR","NR","NR","NR","NR","NR","NR","NR","NR","NR","NR","NR","NR","NR","NR","NR","01-24-2025"
"IUBLA","Bloomington","4248","Fall 2024","1","Regular Academic Session","INFO","Luddy Info, Computing, & Engr","BL-CSCI","Computer Science","CSCI","CSCI-Y","790","37441","GRADUATE INDEPENDENT STUDY","N/A","Le,Thai Hong","NR","NR","NR","NR","NR","NR","NR","NR","NR","NR","NOT AVAILABLE - SMALL CLASS SIZE","NR","NR","NR","NR","NR","NR","NR","NR","NR","NR","NR","NR","NR","NR","NR","NR","NR","NR","NR","NR","NR","NR","01-24-2025"
"IUBLA","Bloomington","4248","Fall 2024","1","Regular Academic Session","INFO","Luddy Info, Computing, & Engr","BL-CSCI","Computer Science","CSCI","CSCI-Y","790","37442","GRADUATE INDEPENDENT STUDY","N/A","Wang,Chenghong","NR","NR","NR","NR","NR","NR","NR","NR","NR","NR","NOT AVAILABLE - SMALL CLASS SIZE","NR","NR","NR","NR","NR","NR","NR","NR","NR","NR","NR","NR","NR","NR","NR","NR","NR","NR","NR","NR","NR","NR","01-24-2025"
"IUBLA","Bloomington","4248","Fall 2024","1","Regular Academic Session","INFO","Luddy Info, Computing, & Engr","BL-CSCI","Computer Science","CSCI","CSCI-Y","790","37443","GRADUATE INDEPENDENT STUDY","N/A","Yan,Da","NR","NR","NR","NR","NR","NR","NR","NR","NR","NR","NOT AVAILABLE - SMALL CLASS SIZE","NR","NR","NR","NR","NR","NR","NR","NR","NR","NR","NR","NR","NR","NR","NR","NR","NR","NR","NR","NR","NR","NR","01-24-2025"
"IUBLA","Bloomington","4248","Fall 2024","1","Regular Academic Session","INFO","Luddy Info, Computing, & Engr","BL-CSCI","Computer Science","CSCI","CSCI-Y","790","37445","GRADUATE INDEPENDENT STUDY","N/A","Zhou,Dongruo","NR","NR","NR","NR","NR","NR","NR","NR","NR","NR","NOT AVAILABLE - SMALL CLASS SIZE","NR","NR","NR","NR","NR","NR","NR","NR","NR","NR","NR","NR","NR","NR","NR","NR","NR","NR","NR","NR","NR","NR","01-24-2025"
"IUBLA","Bloomington","4248","Fall 2024","1","Regular Academic Session","INFO","Luddy Info, Computing, & Engr","BL-CSCI","Computer Science","CSCI","CSCI-Y","790","6402","GRADUATE INDEPENDENT STUDY","N/A","Shan,Chung-chieh","NR","NR","NR","NR","NR","NR","NR","NR","NR","NR","NOT AVAILABLE - SMALL CLASS SIZE","NR","NR","NR","NR","NR","NR","NR","NR","NR","NR","NR","NR","NR","NR","NR","NR","NR","NR","NR","NR","NR","NR","01-24-2025"
"IUBLA","Bloomington","4248","Fall 2024","1","Regular Academic Session","INFO","Luddy Info, Computing, & Engr","BL-CSCI","Computer Science","CSCI","CSCI-Y","790","6404","GRADUATE INDEPENDENT STUDY","N/A","Hahn,Matthew","NR","NR","NR","NR","NR","NR","NR","NR","NR","NR","NOT AVAILABLE - SMALL CLASS SIZE","NR","NR","NR","NR","NR","NR","NR","NR","NR","NR","NR","NR","NR","NR","NR","NR","NR","NR","NR","NR","NR","NR","01-24-2025"
"IUBLA","Bloomington","4248","Fall 2024","1","Regular Academic Session","INFO","Luddy Info, Computing, & Engr","BL-CSCI","Computer Science","CSCI","CSCI-Y","790","6406","GRADUATE INDEPENDENT STUDY","N/A","Wang,Yijie","6","7","100"," 4.000"," 3.769","100.0","0.0","0.0","0.0","1","0","6","0","0","0","0","0","0","0","0","0","0","0","0","0","0","0","0","0","0","0","1","0","01-24-2025"
"IUBLA","Bloomington","4248","Fall 2024","1","Regular Academic Session","INFO","Luddy Info, Computing, & Engr","BL-CSCI","Computer Science","CSCI","CSCI-Y","790","6407","GRADUATE INDEPENDENT STUDY","N/A","Siek,Jeremy","NR","NR","NR","NR","NR","NR","NR","NR","NR","NR","NOT AVAILABLE - SMALL CLASS SIZE","NR","NR","NR","NR","NR","NR","NR","NR","NR","NR","NR","NR","NR","NR","NR","NR","NR","NR","NR","NR","NR","NR","01-24-2025"
"IUBLA","Bloomington","4248","Fall 2024","1","Regular Academic Session","INFO","Luddy Info, Computing, & Engr","BL-CSCI","Computer Science","CSCI","CSCI-Y","790","6408","GRADUATE INDEPENDENT STUDY","N/A","Kapadia,Apu","NR","NR","NR","NR","NR","NR","NR","NR","NR","NR","NOT AVAILABLE - SMALL CLASS SIZE","NR","NR","NR","NR","NR","NR","NR","NR","NR","NR","NR","NR","NR","NR","NR","NR","NR","NR","NR","NR","NR","NR","01-24-2025"
"IUBLA","Bloomington","4248","Fall 2024","1","Regular Academic Session","INFO","Luddy Info, Computing, & Engr","BL-CSCI","Computer Science","CSCI","CSCI-Y","790","6409","GRADUATE INDEPENDENT STUDY","N/A","Leake,David B.","6","6","83.3"," 4.000"," 3.777","100.0","0.0","0.0","0.0","0","0","6","0","0","0","0","0","0","0","0","0","0","0","0","0","0","0","0","0","0","0","0","0","01-24-2025"
"IUBLA","Bloomington","4248","Fall 2024","1","Regular Academic Session","INFO","Luddy Info, Computing, & Engr","BL-CSCI","Computer Science","CSCI","CSCI-Y","790","6413","GRADUATE INDEPENDENT STUDY","N/A","Camp,L Jean","NR","NR","NR","NR","NR","NR","NR","NR","NR","NR","NOT AVAILABLE - SMALL CLASS SIZE","NR","NR","NR","NR","NR","NR","NR","NR","NR","NR","NR","NR","NR","NR","NR","NR","NR","NR","NR","NR","NR","NR","01-24-2025"
"IUBLA","Bloomington","4248","Fall 2024","1","Regular Academic Session","INFO","Luddy Info, Computing, & Engr","BL-CSCI","Computer Science","CSCI","CSCI-Y","790","6416","GRADUATE INDEPENDENT STUDY","N/A","Huang,Yan","NR","NR","NR","NR","NR","NR","NR","NR","NR","NR","NOT AVAILABLE - SMALL CLASS SIZE","NR","NR","NR","NR","NR","NR","NR","NR","NR","NR","NR","NR","NR","NR","NR","NR","NR","NR","NR","NR","NR","NR","01-24-2025"
"IUBLA","Bloomington","4248","Fall 2024","1","Regular Academic Session","INFO","Luddy Info, Computing, & Engr","BL-CSCI","Computer Science","CSCI","CSCI-Y","790","6418","GRADUATE INDEPENDENT STUDY","N/A","Sabry,Amr A.","NR","NR","NR","NR","NR","NR","NR","NR","NR","NR","NOT AVAILABLE - SMALL CLASS SIZE","NR","NR","NR","NR","NR","NR","NR","NR","NR","NR","NR","NR","NR","NR","NR","NR","NR","NR","NR","NR","NR","NR","01-24-2025"
"IUBLA","Bloomington","4248","Fall 2024","1","Regular Academic Session","INFO","Luddy Info, Computing, & Engr","BL-CSCI","Computer Science","CSCI","CSCI-Y","790","6419","GRADUATE INDEPENDENT STUDY","N/A","Tiganj,Zoran","NR","NR","NR","NR","NR","NR","NR","NR","NR","NR","NOT AVAILABLE - SMALL CLASS SIZE","NR","NR","NR","NR","NR","NR","NR","NR","NR","NR","NR","NR","NR","NR","NR","NR","NR","NR","NR","NR","NR","NR","01-24-2025"
"IUBLA","Bloomington","4248","Fall 2024","1","Regular Academic Session","INFO","Luddy Info, Computing, & Engr","BL-CSCI","Computer Science","CSCI","CSCI-Y","790","6421","GRADUATE INDEPENDENT STUDY","N/A","Tang,Haixu","6","6","100"," 4.000"," 3.905","100.0","0.0","0.0","0.0","0","0","6","0","0","0","0","0","0","0","0","0","0","0","0","0","0","0","0","0","0","0","0","0","01-24-2025"
"IUBLA","Bloomington","4248","Fall 2024","1","Regular Academic Session","INFO","Luddy Info, Computing, & Engr","BL-CSCI","Computer Science","CSCI","CSCI-Y","790","6422","GRADUATE INDEPENDENT STUDY","N/A","Wang,Xiaofeng","NR","NR","NR","NR","NR","NR","NR","NR","NR","NR","NOT AVAILABLE - SMALL CLASS SIZE","NR","NR","NR","NR","NR","NR","NR","NR","NR","NR","NR","NR","NR","NR","NR","NR","NR","NR","NR","NR","NR","NR","01-24-2025"
"IUBLA","Bloomington","4248","Fall 2024","1","Regular Academic Session","INFO","Luddy Info, Computing, & Engr","BL-CSCI","Computer Science","CSCI","CSCI-Y","790","6423","GRADUATE INDEPENDENT STUDY","N/A","Ye,Yuzhen","NR","NR","NR","NR","NR","NR","NR","NR","NR","NR","NOT AVAILABLE - SMALL CLASS SIZE","NR","NR","NR","NR","NR","NR","NR","NR","NR","NR","NR","NR","NR","NR","NR","NR","NR","NR","NR","NR","NR","NR","01-24-2025"
"IUBLA","Bloomington","4248","Fall 2024","1","Regular Academic Session","INFO","Luddy Info, Computing, & Engr","BL-CSCI","Computer Science","CSCI","CSCI-Y","790","6424","GRADUATE INDEPENDENT STUDY","N/A","Zhang,Qin","NR","NR","NR","NR","NR","NR","NR","NR","NR","NR","NOT AVAILABLE - SMALL CLASS SIZE","NR","NR","NR","NR","NR","NR","NR","NR","NR","NR","NR","NR","NR","NR","NR","NR","NR","NR","NR","NR","NR","NR","01-24-2025"
"IUBLA","Bloomington","4248","Fall 2024","1","Regular Academic Session","INFO","Luddy Info, Computing, & Engr","BL-CSCI","Computer Science","CSCI","CSCI-Y","790","6426","GRADUATE INDEPENDENT STUDY","N/A","Crandall,David","10","13","84.6"," 4.000"," 3.792","100.0","0.0","0.0","0.0","3","0","10","0","0","0","0","0","0","0","0","0","0","0","0","0","0","3","0","0","0","0","0","0","01-24-2025"
"IUBLA","Bloomington","4248","Fall 2024","1","Regular Academic Session","INFO","Luddy Info, Computing, & Engr","BL-CSCI","Computer Science","CSCI","CSCI-Y","790","6652","GRADUATE INDEPENDENT STUDY","N/A","Tobin-Hochstadt,Sam","NR","NR","NR","NR","NR","NR","NR","NR","NR","NR","NOT AVAILABLE - SMALL CLASS SIZE","NR","NR","NR","NR","NR","NR","NR","NR","NR","NR","NR","NR","NR","NR","NR","NR","NR","NR","NR","NR","NR","NR","01-24-2025"
"IUBLA","Bloomington","4248","Fall 2024","1","Regular Academic Session","INFO","Luddy Info, Computing, & Engr","BL-CSCI","Computer Science","CSCI","CSCI-Y","790","9260","GRADUATE INDEPENDENT STUDY","N/A","Khardon,Roni","NR","NR","NR","NR","NR","NR","NR","NR","NR","NR","NOT AVAILABLE - SMALL CLASS SIZE","NR","NR","NR","NR","NR","NR","NR","NR","NR","NR","NR","NR","NR","NR","NR","NR","NR","NR","NR","NR","NR","NR","01-24-2025"
"IUBLA","Bloomington","4248","Fall 2024","1","Regular Academic Session","INFO","Luddy Info, Computing, & Engr","BL-CSCI","Computer Science","CSCI","CSCI-Y","790","9261","GRADUATE INDEPENDENT STUDY","N/A","Xing,Luyi","6","6","100"," 4.000"," 3.885","100.0","0.0","0.0","0.0","0","0","6","0","0","0","0","0","0","0","0","0","0","0","0","0","0","0","0","0","0","0","0","0","01-24-2025"
"IUBLA","Bloomington","4248","Fall 2024","1","Regular Academic Session","INFO","Luddy Info, Computing, & Engr","BL-CSCI","Computer Science","CSCI","CSCI-Y","790","9262","GRADUATE INDEPENDENT STUDY","N/A","Liao,Xiaojing","NR","NR","NR","NR","NR","NR","NR","NR","NR","NR","NOT AVAILABLE - SMALL CLASS SIZE","NR","NR","NR","NR","NR","NR","NR","NR","NR","NR","NR","NR","NR","NR","NR","NR","NR","NR","NR","NR","NR","NR","01-24-2025"
"IUBLA","Bloomington","4248","Fall 2024","1","Regular Academic Session","INFO","Luddy Info, Computing, & Engr","BL-CSCI","Computer Science","CSCI","CSCI-Y","792","5931","MASTER'S THESIS","N/A","Sabry,Amr A.","NR","NR","NR","NR","NR","NR","NR","NR","NR","NR","NOT AVAILABLE - SMALL CLASS SIZE","NR","NR","NR","NR","NR","NR","NR","NR","NR","NR","NR","NR","NR","NR","NR","NR","NR","NR","NR","NR","NR","NR","01-24-2025"
"IUBLA","Bloomington","4248","Fall 2024","1","Regular Academic Session","INFO","Luddy Info, Computing, & Engr","BL-CSCI","Computer Science","CSCI","CSCI-Y","798","1481","PROFSNL PRACTICUM/INTERNSHP","N/A","Sabry,Amr A.","44","52","100"," 4.000"," 3.756","100.0","0.0","0.0","0.0","8","0","44","0","0","0","0","0","0","0","0","0","0","0","0","0","0","8","0","0","0","0","0","0","01-24-2025"
"IUBLA","Bloomington","4248","Fall 2024","8W1","Eight Week - First","INFO","Luddy Info, Computing, & Engr","BL-CSCI","Computer Science","CSCI","CSCI-Y","798","35297","PROFSNL PRACTICUM/INTERNSHP","N/A","Sabry,Amr A.","78","86","100"," 4.000"," 3.787","100.0","0.0","0.0","0.0","8","0","78","0","0","0","0","0","0","0","0","0","0","0","0","0","0","8","0","0","0","0","0","0","01-24-2025"
"IUBLA","Bloomington","4248","Fall 2024","1","Regular Academic Session","INFO","Luddy Info, Computing, & Engr","BL-CSCI","Computer Science","CSCI","CSCI-Y","798","8058","PROFSNL PRACTICUM/INTERNSHP","N/A","Sabry,Amr A.","NR","NR","NR","NR","NR","NR","NR","NR","NR","NR","NOT AVAILABLE - SMALL CLASS SIZE","NR","NR","NR","NR","NR","NR","NR","NR","NR","NR","NR","NR","NR","NR","NR","NR","NR","NR","NR","NR","NR","NR","01-24-2025"
"IUBLA","Bloomington","4248","Fall 2024","1","Regular Academic Session","INFO","Luddy Info, Computing, & Engr","BL-CSCI","Computer Science","CSCI","CSCI-Y","799","9677","COMPUTER SCIENCE COLLOQUIUM","N/A","Zhang,Xuhong","22","31","37.5"," 4.000"," 3.779","100.0","0.0","0.0","0.0","9","0","22","0","0","0","0","0","0","0","0","0","0","0","0","0","0","0","0","0","0","2","7","0","01-24-2025"
"IUBLA","Bloomington","4248","Fall 2024","1","Regular Academic Session","INFO","Luddy Info, Computing, & Engr","BL-CSCI","Computer Science","CSCI","CSCI-Y","890","1482","THESIS READINGS AND RESEARCH","N/A","Xing,Luyi","NR","NR","NR","NR","NR","NR","NR","NR","NR","NR","NOT AVAILABLE - SMALL CLASS SIZE","NR","NR","NR","NR","NR","NR","NR","NR","NR","NR","NR","NR","NR","NR","NR","NR","NR","NR","NR","NR","NR","NR","01-24-2025"
"IUBLA","Bloomington","4248","Fall 2024","1","Regular Academic Session","INFO","Luddy Info, Computing, & Engr","BL-CSCI","Computer Science","CSCI","CSCI-Y","890","5871","THESIS READINGS AND RESEARCH","N/A","Xing,Luyi","NR","NR","NR","NR","NR","NR","NR","NR","NR","NR","NOT AVAILABLE - SMALL CLASS SIZE","NR","NR","NR","NR","NR","NR","NR","NR","NR","NR","NR","NR","NR","NR","NR","NR","NR","NR","NR","NR","NR","NR","01-24-2025"


